region_id,commodity_id,as_of_date,row_number,commodity_name,specification,market_1,market_2,market_3,market_4,market_5,market_6,market_7,market_8,market_9,market_10,market_11
050000000,1,"April 01, 2026",1,NFA,KG,N/A,N/A,N/A,N/A,N/A,N/A,N/A,N/A,N/A,N/A,N/A
050000000,1,"April 01, 2026",2,COMMERCIAL (IMPORTED) Premium (Yellow tagged),5% BROKEN,N/A,57.00,N/A,60.00,N/A,59.00,N/A,N/A,N/A,N/A,N/A
050000000,1,"April 01, 2026",3,COMMERCIAL (IMPORTED) Regular Milled,20-40% BRAN STREAK,N/A,N/A,N/A,N/A,N/A,53.00,N/A,N/A,N/A,N/A,N/A
050000000,1,"April 01, 2026",4,COMMERCIAL (IMPORTED) Special (Blue tagged),WHITE RICE,N/A,64.00,N/A,N/A,N/A,60.00,N/A,N/A,N/A,N/A,N/A
050000000,1,"April 01, 2026",5,COMMERCIAL (IMPORTED) Well Milled,1-19% BRAN STREAK,N/A,N/A,N/A,N/A,N/A,57.00,N/A,N/A,N/A,N/A,N/A
050000000,1,"April 01, 2026",6,COMMERCIAL (LOCAL) Premium (Yellow tagged),5% BROKEN,N/A,59.00,58.00,60.00,N/A,52.00,N/A,N/A,N/A,N/A,N/A
050000000,1,"April 01, 2026",7,COMMERCIAL (LOCAL) Regular Milled,20-40% BRAN STREAK,N/A,53.00,40.00,53.00,N/A,42.00,N/A,N/A,N/A,N/A,N/A
050000000,1,"April 01, 2026",8,COMMERCIAL (LOCAL) Special (Blue tagged),WHITE RICE,N/A,60.00,65.00,N/A,N/A,57.00,N/A,N/A,N/A,N/A,N/A
050000000,1,"April 01, 2026",9,COMMERCIAL (LOCAL) Well Milled,1-19% BRAN STREAK,N/A,55.00,55.00,56.00,N/A,45.00,N/A,N/A,N/A,N/A,N/A
050000000,2,"April 01, 2026",1,Corn (White),"Cob, Glutinous",N/A,N/A,N/A,N/A,N/A,60.00,N/A,N/A,N/A,N/A,N/A
050000000,2,"April 01, 2026",2,Corn (Yellow),"Cob, Sweet Corn",N/A,100.00,N/A,N/A,N/A,40.00,N/A,N/A,N/A,N/A,N/A
050000000,2,"April 01, 2026",3,"Corn Grits (White, Food Grade)",KG,N/A,N/A,N/A,N/A,N/A,N/A,N/A,N/A,N/A,N/A,N/A
050000000,2,"April 01, 2026",4,"Corn Cracked (Yellow, Feed Grade)",KG,N/A,N/A,N/A,N/A,N/A,N/A,N/A,N/A,N/A,N/A,N/A
050000000,2,"April 01, 2026",5,Corn Grits (Feed Grade),KG,N/A,N/A,N/A,N/A,N/A,N/A,N/A,N/A,N/A,N/A,N/A
050000000,2,"April 01, 2026",6,"Corn Grits (Yellow, Food Grade)",KG,N/A,N/A,N/A,N/A,N/A,N/A,N/A,N/A,N/A,N/A,N/A
050000000,3,"April 01, 2026",1,Mungbean,KG,N/A,160.00,180.00,140.00,N/A,135.00,N/A,N/A,N/A,N/A,N/A
050000000,4,"April 01, 2026",1,Alumahan,MEDIUM (4-6PCS/KG),N/A,N/A,200.00,240.00,N/A,N/A,N/A,N/A,N/A,N/A,N/A
050000000,4,"April 01, 2026",2,Bangus (Medium),MEDIUM (3-4PCS/KG),N/A,260.00,220.00,240.00,N/A,N/A,N/A,N/A,N/A,N/A,N/A
050000000,4,"April 01, 2026",3,Galunggong(Imported),"MALE, MEDIUM (12-14PCS/KG)",N/A,N/A,N/A,N/A,N/A,N/A,N/A,N/A,N/A,N/A,N/A
050000000,4,"April 01, 2026",4,Galunggong(Local),"MALE, MEDIUM(12-14PCS/KG)",N/A,200.00,200.00,260.00,N/A,200.00,N/A,N/A,N/A,N/A,N/A
050000000,4,"April 01, 2026",5,Tilapia,MEDIUM (5-6PCS/KG),N/A,160.00,170.00,180.00,N/A,180.00,N/A,N/A,N/A,N/A,N/A
050000000,4,"April 01, 2026",6,Bonito,,N/A,N/A,180.00,180.00,N/A,260.00,N/A,N/A,N/A,N/A,N/A
050000000,4,"April 01, 2026",7,Salmon Head,,N/A,N/A,N/A,N/A,N/A,N/A,N/A,N/A,N/A,N/A,N/A
050000000,4,"April 01, 2026",8,Sardines (Tamban),,N/A,80.00,70.00,100.00,N/A,50.00,N/A,N/A,N/A,N/A,N/A
050000000,4,"April 01, 2026",9,Squid (Pusit Bisaya),Medium,N/A,N/A,160.00,N/A,N/A,400.00,N/A,N/A,N/A,N/A,N/A
050000000,4,"April 01, 2026",10,Yellow-Fin Tuna (Tambakol),,N/A,N/A,240.00,N/A,N/A,260.00,N/A,N/A,N/A,N/A,N/A
050000000,4,"April 01, 2026",11,Bangus (Large),LARGE (KG),N/A,280.00,240.00,260.00,N/A,N/A,N/A,N/A,N/A,N/A,N/A
050000000,5,"April 01, 2026",1,Calamansi,KG,N/A,140.00,140.00,140.00,N/A,100.00,N/A,N/A,N/A,N/A,N/A
050000000,5,"April 01, 2026",2,Banana (Lakatan),8-10PCS/KG,N/A,100.00,120.00,120.00,N/A,80.00,N/A,N/A,N/A,N/A,N/A
050000000,5,"April 01, 2026",3,Banana (Latundan),10-12PCS/KG,N/A,70.00,85.00,80.00,N/A,80.00,N/A,N/A,N/A,N/A,N/A
050000000,5,"April 01, 2026",4,Mango (Carabao),"RIPE, 3-4PCS/KG",N/A,120.00,120.00,120.00,N/A,140.00,N/A,N/A,N/A,N/A,N/A
050000000,5,"April 01, 2026",5,Papaya,"SOLO, RIPE, 2-3PCS",N/A,100.00,85.00,N/A,N/A,60.00,N/A,N/A,N/A,N/A,N/A
050000000,5,"April 01, 2026",6,Melon,,N/A,80.00,100.00,140.00,N/A,100.00,N/A,N/A,N/A,N/A,N/A
050000000,5,"April 01, 2026",7,Avocado,,N/A,250.00,N/A,250.00,N/A,280.00,N/A,N/A,N/A,N/A,N/A
050000000,5,"April 01, 2026",8,Pomelo,KG,N/A,N/A,N/A,180.00,N/A,120.00,N/A,N/A,N/A,N/A,N/A
050000000,5,"April 01, 2026",9,Watermelon,KG,N/A,60.00,70.00,75.00,N/A,60.00,N/A,N/A,N/A,N/A,N/A
050000000,5,"April 01, 2026",10,Banana (Saba),KG,N/A,50.00,45.00,50.00,N/A,40.00,N/A,N/A,N/A,N/A,N/A
050000000,6,"April 01, 2026",1,Cabbage (Scorpio),750GM-1KG/HEAD,N/A,100.00,80.00,120.00,N/A,60.00,N/A,N/A,N/A,N/A,N/A
050000000,6,"April 01, 2026",2,Carrots,8-10PCS/KG,N/A,160.00,140.00,200.00,N/A,140.00,N/A,N/A,N/A,N/A,N/A
050000000,6,"April 01, 2026",3,Habichuelas (Baguio Bean),KG,N/A,140.00,120.00,160.00,N/A,120.00,N/A,N/A,N/A,N/A,N/A
050000000,6,"April 01, 2026",4,White Potato,10-12PCS/KG,N/A,120.00,100.00,140.00,N/A,80.00,N/A,N/A,N/A,N/A,N/A
050000000,6,"April 01, 2026",5,Pechay (Baguio),KG,N/A,100.00,80.00,120.00,N/A,60.00,N/A,N/A,N/A,N/A,N/A
050000000,6,"April 01, 2026",6,Chayote,KG,N/A,60.00,60.00,80.00,N/A,40.00,N/A,N/A,N/A,N/A,N/A
050000000,6,"April 01, 2026",7,Broccoli,MEDIUM (8-10CM DIAMETER/BUNCH HD),N/A,240.00,280.00,350.00,N/A,160.00,N/A,N/A,N/A,N/A,N/A
050000000,6,"April 01, 2026",8,Cauliflower,MEDIUM (8-10CM DIAMETER/BUNCH HD),N/A,200.00,200.00,350.00,N/A,130.00,N/A,N/A,N/A,N/A,N/A
050000000,6,"April 01, 2026",9,Bell Pepper (Green),MEDIUM (151-250GM/PC),N/A,300.00,450.00,350.00,N/A,340.00,N/A,N/A,N/A,N/A,N/A
050000000,6,"April 01, 2026",10,Bell Pepper (Red),MEDIUM (151-250GM/PC),N/A,280.00,450.00,350.00,N/A,340.00,N/A,N/A,N/A,N/A,N/A
050000000,6,"April 01, 2026",11,Celery,MEDIUM (501-800 G),N/A,200.00,180.00,N/A,N/A,160.00,N/A,N/A,N/A,N/A,N/A
050000000,6,"April 01, 2026",12,Cabbage (Rare Ball),510GM-1KG/HEAD,N/A,N/A,N/A,N/A,N/A,N/A,N/A,N/A,N/A,N/A,N/A
050000000,6,"April 01, 2026",13,Cabbage (Wonder Ball),510GM-1KG/HEAD,N/A,N/A,N/A,N/A,N/A,N/A,N/A,N/A,N/A,N/A,N/A
050000000,6,"April 01, 2026",14,Lettuce (Green Ice),,N/A,N/A,N/A,N/A,N/A,120.00,N/A,N/A,N/A,N/A,N/A
050000000,6,"April 01, 2026",15,Lettuce (Iceberg),MEDIUM(301-450CM DIAMETER/BUNCH HD),N/A,260.00,N/A,N/A,N/A,250.00,N/A,N/A,N/A,N/A,N/A
050000000,6,"April 01, 2026",16,Lettuce (Romaine),,N/A,200.00,N/A,N/A,N/A,N/A,N/A,N/A,N/A,N/A,N/A
050000000,7,"April 01, 2026",1,Ampalaya,4-5 PCS/KG,N/A,100.00,80.00,100.00,N/A,80.00,N/A,N/A,N/A,N/A,N/A
050000000,7,"April 01, 2026",2,Squash,SUPREMA VARIETY,N/A,50.00,70.00,80.00,N/A,35.00,N/A,N/A,N/A,N/A,N/A
050000000,7,"April 01, 2026",3,Pechay (Native),3-4 SMALL BUNDLES/KG,N/A,80.00,N/A,80.00,N/A,60.00,N/A,N/A,N/A,N/A,N/A
050000000,7,"April 01, 2026",4,Sitao,3-4 SMALL BUNDLES/KG,N/A,160.00,120.00,160.00,N/A,120.00,N/A,N/A,N/A,N/A,N/A
050000000,7,"April 01, 2026",5,Eggplant,3-4 SMALL BUNDLES/KG,N/A,100.00,80.00,100.00,N/A,80.00,N/A,N/A,N/A,N/A,N/A
050000000,7,"April 01, 2026",6,Tomato,15-18 PCS/KG,N/A,60.00,60.00,60.00,N/A,40.00,N/A,N/A,N/A,N/A,N/A
050000000,8,"April 01, 2026",1,Beef Brisket,MEAT WITH BONES,N/A,N/A,380.00,N/A,N/A,350.00,N/A,N/A,N/A,N/A,N/A
050000000,8,"April 01, 2026",2,Beef Rump,LEAN MEAT / TAPADERA,N/A,N/A,440.00,N/A,N/A,400.00,N/A,N/A,N/A,N/A,N/A
050000000,8,"April 01, 2026",3,"Chicken Egg (White, Medium)",56-60 grams/pc,N/A,8.25,7.50,8.50,N/A,8.50,N/A,N/A,N/A,N/A,N/A
050000000,8,"April 01, 2026",4,Pork Ham (Kasim),,N/A,330.00,330.00,320.00,N/A,320.00,N/A,N/A,N/A,N/A,N/A
050000000,8,"April 01, 2026",5,Pork Belly (Liempo),,N/A,330.00,340.00,350.00,N/A,320.00,N/A,N/A,N/A,N/A,N/A
050000000,8,"April 01, 2026",6,Whole Chicken,FULLY DRESSED,N/A,190.00,220.00,200.00,N/A,220.00,N/A,N/A,N/A,N/A,N/A
050000000,8,"April 01, 2026",7,Frozen Kasim,KASIM,N/A,N/A,N/A,N/A,N/A,N/A,N/A,N/A,N/A,N/A,N/A
050000000,8,"April 01, 2026",8,Frozen Liempo,LIEMPO,N/A,N/A,N/A,N/A,N/A,N/A,N/A,N/A,N/A,N/A,N/A
050000000,8,"April 01, 2026",9,"Chicken Egg (White, Pewee)",41-45 grams/pc,N/A,7.00,6.50,N/A,N/A,N/A,N/A,N/A,N/A,N/A,N/A
050000000,8,"April 01, 2026",10,"Chicken Egg (White, Extra Small)",46-50 grams/pc,N/A,N/A,N/A,N/A,N/A,7.50,N/A,N/A,N/A,N/A,N/A
050000000,8,"April 01, 2026",11,"Chicken Egg (White, Small)",51-55 grams/pc,N/A,7.00,7.00,8.00,N/A,8.00,N/A,N/A,N/A,N/A,N/A
050000000,8,"April 01, 2026",12,"Chicken Egg (White, Large)",61-65 grams/pc,N/A,9.00,8.00,9.00,N/A,9.00,N/A,N/A,N/A,N/A,N/A
050000000,8,"April 01, 2026",13,"Chicken Egg (White, Extra Large)",66-70 grams/pc,N/A,N/A,8.50,10.00,N/A,10.00,N/A,N/A,N/A,N/A,N/A
050000000,8,"April 01, 2026",14,"Chicken Egg (White, Jumbo)",71> grams/pc,N/A,N/A,9.50,N/A,N/A,N/A,N/A,N/A,N/A,N/A,N/A
050000000,8,"April 01, 2026",15,"Chicken Egg (Brown, Medium)",Medium,N/A,N/A,N/A,N/A,N/A,12.00,N/A,N/A,N/A,N/A,N/A
050000000,8,"April 01, 2026",16,"Chicken Egg (Brown, Large)",Large,N/A,N/A,N/A,N/A,N/A,16.00,N/A,N/A,N/A,N/A,N/A
050000000,8,"April 01, 2026",17,"Chicken Egg (Brown, Extra Large)",Extra Large,N/A,N/A,N/A,N/A,N/A,N/A,N/A,N/A,N/A,N/A,N/A
050000000,9,"April 01, 2026",1,Garlic(Imported),KG,N/A,160.00,140.00,180.00,N/A,140.00,N/A,N/A,N/A,N/A,N/A
050000000,9,"April 01, 2026",2,Garlic(Native),KG,N/A,N/A,N/A,160.00,N/A,120.00,N/A,N/A,N/A,N/A,N/A
050000000,9,"April 01, 2026",3,Ginger,"FAIRLY WELL-MATURED, MEDIUM (150-300 GM)",N/A,160.00,140.00,200.00,N/A,100.00,N/A,N/A,N/A,N/A,N/A
050000000,9,"April 01, 2026",4,Red Onion,13-15 PCS/KG,N/A,140.00,140.00,160.00,N/A,80.00,N/A,N/A,N/A,N/A,N/A
050000000,9,"April 01, 2026",5,Red Onion (Imported),KG,N/A,N/A,N/A,N/A,N/A,N/A,N/A,N/A,N/A,N/A,N/A
050000000,9,"April 01, 2026",6,White Onion,KG,N/A,N/A,N/A,140.00,N/A,N/A,N/A,N/A,N/A,N/A,N/A
050000000,9,"April 01, 2026",7,White Onion (Imported),KG,N/A,140.00,140.00,N/A,N/A,120.00,N/A,N/A,N/A,N/A,N/A
050000000,9,"April 01, 2026",8,Chili (Red),KG,N/A,200.00,200.00,N/A,N/A,140.00,N/A,N/A,N/A,N/A,N/A
050000000,10,"April 01, 2026",1,Cooking Oil Palm 1L,1 LITER/BOTTLE,N/A,102.00,105.00,95.00,N/A,120.00,N/A,N/A,N/A,N/A,N/A
050000000,10,"April 01, 2026",2,Cooking Oil Palm 350ML,350 ML/BOTTLE,N/A,34.00,35.00,34.00,N/A,60.00,N/A,N/A,N/A,N/A,N/A
050000000,10,"April 01, 2026",3,Sugar (Brown),KG,N/A,68.00,70.00,72.00,N/A,65.00,N/A,N/A,N/A,N/A,N/A
050000000,10,"April 01, 2026",4,Sugar (Washed),KG,N/A,72.00,75.00,82.00,N/A,70.00,N/A,N/A,N/A,N/A,N/A
050000000,10,"April 01, 2026",5,Sugar (Refined),KG,N/A,85.00,80.00,N/A,N/A,80.00,N/A,N/A,N/A,N/A,N/A
050000000,10,"April 01, 2026",6,Cooking Oil (Coconut) 350ML,350 ML/BOTTLE,N/A,N/A,60.00,N/A,N/A,N/A,N/A,N/A,N/A,N/A,N/A
050000000,10,"April 01, 2026",7,Cooking Oil (Coconut) 1L,1 LITER/BOTTLE,N/A,N/A,180.00,N/A,N/A,N/A,N/A,N/A,N/A,N/A,N/A
